State,"Honey producing colonies/1,000",Yield per colony (pounds),"Production (1,000 pounds)","Stocks December 15 (1,000 pounds)",Average price per pound (dollars),"Value of production (1,000 dollars)",Year,Colony_Number,Max_Colony_Number,Lost_Colony_Number,Added_Colony_Number,Renovated_Colony_Number,VarroaMites_Percent,Other_Pests_Parasites_Percent,Diseases_Percent,Pesticides_Percent,Other_Percent,Unknown_Percent
Alabama,7.0,47.0,329.0,13.0,383.0,1260.0,2015.0,31000.0,31500.0,4670.0,4940.0,1250.0,23.225,31.225,0.2,1.825,4.325,8.275
Alabama,7.0,52.0,364.0,33.0,345.0,1256.0,2016.0,30500.0,30500.0,4440.0,2890.0,930.0,14.45,20.525,1.6,4.0,4.275,8.45
Alabama,7.0,42.0,294.0,44.0,3.2,941.0,2019.0,18500.0,18500.0,2300.0,1200.0,600.0,34.83333333,24.66666667,1.766666667,1.8,7.266666667000001,8.9
Alabama,7.0,42.0,294.0,44.0,3.2,941.0,2017.0,28000.0,30500.0,3930.0,3010.0,2260.0,31.25,14.175,4.5,13.175,6.525,6.2
Alabama,6.0,45.0,270.0,14.0,3.72,1004.0,2018.0,30000.0,31000.0,4160.0,4310.0,4810.0,37.725,36.4,1.275,11.025,7.825,5.225
Arizona,27.0,46.0,1242.0,261.0,197.0,2447.0,2016.0,111000.0,116000.0,20900.0,24000.0,8260.0,50.275,16.7,6.8,9.925,10.4,5.7
Arizona,23.0,46.0,1058.0,201.0,1.97,2084.0,2017.0,106000.0,110000.0,19200.0,21700.0,7300.0,43.7,5.575,6.5,4.15,10.775,2.3
Arizona,24.0,38.0,912.0,109.0,3.01,2745.0,2018.0,100500.0,103500.0,21600.0,18210.0,5760.0,39.55,5.55,11.35,6.6333333329999995,11.125,9.625
Arizona,26.0,49.0,1274.0,306.0,217.0,2765.0,2015.0,144000.0,147000.0,28100.0,30200.0,40600.0,34.725,19.775,1.775,13.63333333,9.525,6.0
Arizona,23.0,46.0,1058.0,201.0,1.97,2084.0,2019.0,82000.0,88000.0,11500.0,6230.0,4190.0,36.23333333,6.433333332999999,3.2,16.96666667,8.533333333,1.233333333
Arkansas,24.0,72.0,1728.0,121.0,202.0,3491.0,2015.0,72500.0,84500.0,14800.0,15100.0,5800.0,47.7,29.225,2.375,9.8,9.675,3.075
Arkansas,20.0,55.0,1100.0,176.0,1.53,1683.0,2019.0,67000.0,68500.0,10200.0,620.0,1010.0,40.13333333,20.3,3.833333333,37.86666667,6.7,25.0
Arkansas,20.0,55.0,1100.0,176.0,1.53,1683.0,2017.0,89000.0,91000.0,18900.0,12330.0,2340.0,36.775,16.075,14.5,13.3,10.1,1.6
Arkansas,28.0,50.0,1400.0,84.0,1.88,2632.0,2018.0,92500.0,93500.0,17300.0,17250.0,3780.0,42.325,10.125,0.666666667,29.225,5.45,8.325
Arkansas,24.0,69.0,1656.0,99.0,185.0,3064.0,2016.0,111000.0,111000.0,12400.0,16990.0,3870.0,61.025,7.3,2.95,2.45,2.275,3.325
California,310.0,36.0,11160.0,2009.0,204.0,22766.0,2016.0,3760000.0,4710000.0,605000.0,488000.0,361000.0,42.975,15.2,9.175,13.9,10.925,4.35
California,335.0,41.0,13735.0,3022.0,2.11,28981.0,2018.0,3560000.0,4630000.0,533000.0,525000.0,573500.0,46.175,11.175,7.575,13.675,9.6,5.175
California,335.0,48.0,16080.0,3216.0,1.56,25085.0,2017.0,3560000.0,4490000.0,476000.0,588000.0,505000.0,41.075,12.55,5.875,13.0,9.625,4.8
California,335.0,48.0,16080.0,3216.0,1.56,25085.0,2019.0,2490000.0,3580000.0,464000.0,330000.0,231000.0,44.33333333,11.93333333,6.766666667000001,13.2,9.266666667,4.6
California,275.0,30.0,8250.0,1485.0,204.0,16830.0,2015.0,3960000.0,4800000.0,584000.0,499000.0,577000.0,38.2,15.45,7.375,15.45,11.55,4.475
Colorado,32.0,46.0,1472.0,500.0,2.14,3150.0,2019.0,65000.0,70500.0,17820.0,3300.0,3840.0,52.9,4.766666667,4.8,12.75,4.833333333,0.8
Colorado,31.0,48.0,1488.0,283.0,2.05,3050.0,2018.0,93500.0,112000.0,15700.0,12770.0,9770.0,55.075,7.766666667000001,5.875,2.366666667,8.15,2.125
Colorado,32.0,40.0,1280.0,282.0,224.0,2867.0,2016.0,78500.0,103000.0,13370.0,12600.0,1440.0,30.825,7.15,5.175,7.325,7.225,0.175
Colorado,29.0,51.0,1479.0,399.0,218.0,3224.0,2015.0,68500.0,91500.0,10400.0,11000.0,5040.0,37.825,7.15,7.575,9.9,4.525,4.25
Colorado,32.0,46.0,1472.0,500.0,2.14,3150.0,2017.0,95000.0,126000.0,15900.0,10000.0,17910.0,32.925,1.0,2.7,8.3,7.65,1.8
Connecticut,,,,,,,2017.0,13600.0,13600.0,980.0,2540.0,590.0,30.675,1.5,0.1,0.55,5.675,2.633333333
Connecticut,,,,,,,2018.0,13200.0,13200.0,610.0,640.0,870.0,12.775,1.733333333,1.35,0.975,3.8,1.85
Connecticut,,,,,,,2015.0,13800.0,13800.0,1210.0,1620.0,660.0,15.625,1.175,0.933333333,1.133333333,8.35,1.7
Connecticut,,,,,,,2016.0,11400.0,11400.0,880.0,1350.0,250.0,13.775,2.4,0.6,0.5,5.725,1.725
Connecticut,,,,,,,2019.0,11300.0,11500.0,770.0,250.0,530.0,18.86666667,6.433333332999999,2.4,,3.066666667,1.266666667
Florida,220.0,54.0,11880.0,832.0,197.0,23404.0,2015.0,899000.0,1010000.0,150000.0,165000.0,106000.0,33.325,20.0,3.175,14.075,10.9,4.35
Florida,205.0,45.0,9225.0,830.0,2.48,22878.0,2019.0,780000.0,855000.0,96000.0,115000.0,64500.0,45.1,23.7,6.533333333,17.6,8.966666667,7.033333333
Florida,205.0,45.0,9225.0,830.0,2.48,22878.0,2017.0,861000.0,935000.0,144000.0,214000.0,161000.0,39.55,14.775,4.7,9.975,7.9,21.05
Florida,215.0,50.0,10750.0,538.0,243.0,26123.0,2016.0,940000.0,1025000.0,140000.0,172000.0,65500.0,36.95,19.9,5.2,10.85,8.5,2.925
Florida,215.0,49.0,10535.0,737.0,2.4,25284.0,2018.0,952000.0,1045000.0,156000.0,217000.0,167000.0,39.6,21.45,6.85,11.625,9.475,13.4
Georgia,69.0,40.0,2760.0,221.0,242.0,6679.0,2015.0,436000.0,460000.0,68500.0,95900.0,45900.0,37.525,13.125,3.775,14.25,7.225,4.875
Georgia,102.0,33.0,3366.0,370.0,2.61,8785.0,2019.0,355000.0,378000.0,47500.0,42000.0,54500.0,52.13333333,18.2,4.866666667,14.83333333,10.1,4.633333333
Georgia,102.0,33.0,3366.0,370.0,2.61,8785.0,2017.0,494000.0,534000.0,61000.0,80300.0,79200.0,43.175,11.425,3.95,9.675,7.35,4.025
Georgia,96.0,39.0,3744.0,899.0,269.0,10071.0,2016.0,406000.0,426000.0,55000.0,70000.0,12350.0,41.475,15.3,2.55,17.375,6.65,3.4
Georgia,98.0,34.0,3332.0,200.0,2.76,9196.0,2018.0,550000.0,575000.0,77500.0,96500.0,137000.0,45.95,20.525,6.6,16.05,17.575,6.675
Hawaii,14.0,102.0,1428.0,71.0,195.0,2785.0,2015.0,51500.0,51500.0,3890.0,8400.0,8220.0,52.0,53.275,0.55,0.1,2.566666667,0.1
Hawaii,16.0,80.0,1280.0,51.0,1.28,1638.0,2019.0,50500.0,50500.0,1890.0,1160.0,9750.0,51.1,55.23333333,0.2,0.85,1.4333333330000002,0.2
Hawaii,16.0,80.0,1280.0,51.0,1.28,1638.0,2017.0,55000.0,55000.0,1480.0,2430.0,1270.0,37.675,19.0,0.2,,0.65,0.1
Hawaii,17.0,103.0,1751.0,18.0,1.92,3362.0,2018.0,62000.0,62000.0,4620.0,4900.0,17200.0,73.275,78.375,0.26666666699999997,0.1,0.125,0.15
Hawaii,16.0,113.0,1808.0,127.0,231.0,4176.0,2016.0,55500.0,55500.0,2680.0,1930.0,2760.0,35.9,38.925,0.1,0.4,1.4,0.1
Idaho,92.0,32.0,2944.0,677.0,1.67,4916.0,2017.0,358000.0,457000.0,39000.0,45000.0,52780.0,48.275,21.425,17.65,14.95,5.15,2.6
Idaho,89.0,32.0,2848.0,1082.0,192.0,5468.0,2015.0,344000.0,433000.0,46200.0,30100.0,35500.0,37.75,4.8,6.25,6.2,6.9,4.025
Idaho,92.0,32.0,2944.0,677.0,1.67,4916.0,2019.0,338000.0,452000.0,38500.0,14900.0,14600.0,34.9,9.233333333,11.7,9.866666667,12.33333333,0.95
Idaho,96.0,31.0,2976.0,655.0,1.96,5833.0,2018.0,405000.0,523000.0,55800.0,43500.0,53510.0,56.9,15.625,7.05,15.95,7.05,3.675
Idaho,97.0,34.0,3298.0,1253.0,182.0,6002.0,2016.0,350000.0,451000.0,41000.0,31400.0,15220.0,27.475,3.15,3.525,4.2,5.25,2.6
Illinois,8.0,51.0,408.0,155.0,432.0,1763.0,2015.0,43500.0,48000.0,7590.0,9600.0,3020.0,9.925,4.025,0.45,1.05,4.825,4.525
Illinois,10.0,48.0,480.0,77.0,542.0,2602.0,2016.0,36000.0,36500.0,4060.0,3520.0,710.0,17.25,7.6,1.05,3.9,4.025,4.275
Illinois,11.0,39.0,429.0,116.0,4.31,1849.0,2017.0,49500.0,50000.0,7000.0,7550.0,3410.0,23.525,10.1,1.225,4.45,6.3,4.375
Illinois,11.0,39.0,429.0,116.0,4.31,1849.0,2019.0,35500.0,35500.0,4940.0,1670.0,2880.0,32.7,16.76666667,1.6333333330000002,2.2,9.966666667,10.16666667
Illinois,11.0,41.0,451.0,108.0,4.83,2178.0,2018.0,43500.0,44000.0,6560.0,7000.0,4200.0,21.975,10.7,3.7,4.5,7.175,6.5
Indiana,9.0,55.0,495.0,198.0,3.95,1955.0,2019.0,37500.0,39500.0,3010.0,2800.0,1960.0,30.66666667,13.0,2.733333333,11.76666667,9.3,1.233333333
Indiana,6.0,53.0,318.0,165.0,338.0,1075.0,2015.0,43500.0,48500.0,6100.0,6930.0,4840.0,16.225,3.225,4.575,2.275,7.075,5.9
Indiana,7.0,62.0,434.0,208.0,346.0,1502.0,2016.0,27800.0,30500.0,2790.0,3210.0,1450.0,27.125,7.15,0.7666666670000001,1.1,3.375,3.7
Indiana,7.0,46.0,322.0,106.0,3.58,1153.0,2018.0,35500.0,37500.0,7090.0,4860.0,3160.0,48.275,11.325,7.15,22.55,12.9,1.9
Indiana,9.0,55.0,495.0,198.0,3.95,1955.0,2017.0,39000.0,43000.0,5730.0,5440.0,1420.0,14.775,5.45,1.85,10.2,6.675,4.6
Iowa,38.0,55.0,2090.0,1170.0,2.24,4682.0,2019.0,69500.0,76500.0,12500.0,3670.0,5470.0,45.06666667,8.866666667,4.0,17.26666667,18.4,3.766666667
Iowa,36.0,50.0,1800.0,990.0,233.0,4194.0,2015.0,89000.0,113500.0,11800.0,8880.0,4080.0,29.575,3.125,2.05,5.575,12.775,2.525
Iowa,38.0,49.0,1862.0,1005.0,2.4,4469.0,2018.0,163000.0,170000.0,13400.0,17750.0,5980.0,25.75,11.85,4.65,10.125,10.075,1.925
Iowa,38.0,55.0,2090.0,1170.0,2.24,4682.0,2017.0,107500.0,126500.0,13700.0,26420.0,11300.0,37.8,17.175,7.675,18.8,10.5,5.075
Iowa,37.0,48.0,1776.0,746.0,208.0,3694.0,2016.0,131000.0,146500.0,15800.0,36590.0,3180.0,31.9,11.35,10.55,7.25,10.95,5.6
Kansas,7.0,79.0,553.0,171.0,2.95,1631.0,2019.0,16800.0,16900.0,4050.0,750.0,970.0,78.43333333,18.86666667,12.06666667,26.5,7.733333332999999,6.3
Kansas,5.0,73.0,365.0,95.0,3.1,1132.0,2018.0,19100.0,19100.0,3070.0,3020.0,2700.0,61.15,33.575,8.725,20.225,13.825,11.25
Kansas,7.0,48.0,336.0,54.0,304.0,1021.0,2016.0,22400.0,23700.0,5840.0,3510.0,1290.0,37.4,13.85,4.325,10.4,3.925,2.8
Kansas,7.0,79.0,553.0,171.0,2.95,1631.0,2017.0,21700.0,22200.0,3910.0,4970.0,2310.0,37.525,18.2,6.266666667000001,13.675,4.975,9.925
Kansas,8.0,36.0,288.0,107.0,352.0,1014.0,2015.0,28100.0,32000.0,6670.0,3400.0,670.0,28.525,11.175,0.6,13.375,15.425,7.25
Kentucky,5.0,46.0,230.0,48.0,402.0,925.0,2016.0,27500.0,28000.0,3700.0,3170.0,650.0,38.25,23.275,1.65,12.3,11.55,5.6
Kentucky,5.0,46.0,230.0,55.0,386.0,888.0,2015.0,33500.0,37500.0,7480.0,4040.0,2060.0,23.775,13.75,2.35,5.15,12.1,4.875
Kentucky,6.0,41.0,246.0,44.0,4.5,1107.0,2017.0,29500.0,30500.0,4330.0,4350.0,1850.0,40.275,22.0,1.65,3.975,9.175,8.725
Kentucky,4.0,41.0,164.0,34.0,5.43,891.0,2018.0,23800.0,25500.0,4890.0,2280.0,1670.0,45.65,29.95,1.075,5.1,5.425,6.025
Kentucky,6.0,41.0,246.0,44.0,4.5,1107.0,2019.0,20200.0,21400.0,2150.0,950.0,630.0,27.93333333,16.86666667,0.233333333,5.266666667,10.2,7.7
Louisiana,44.0,99.0,4356.0,348.0,193.0,8407.0,2015.0,200000.0,222000.0,16700.0,13000.0,18700.0,22.6,2.925,2.25,1.25,3.375,0.75
Louisiana,54.0,72.0,3888.0,428.0,2.04,7932.0,2017.0,222000.0,227000.0,21500.0,30490.0,46800.0,34.35,28.275,0.233333333,1.625,3.225,7.075
Louisiana,45.0,83.0,3735.0,261.0,1.91,7134.0,2018.0,201000.0,205000.0,9070.0,12830.0,6820.0,15.225,10.8,0.225,2.275,1.925,1.55
Louisiana,54.0,72.0,3888.0,428.0,2.04,7932.0,2019.0,132000.0,141000.0,9900.0,13470.0,29080.0,52.63333333,28.86666667,1.333333333,19.33333333,3.2,1.4333333330000002
Louisiana,50.0,86.0,4300.0,301.0,194.0,8342.0,2016.0,219000.0,239000.0,22800.0,20350.0,17440.0,21.475,10.6,9.8,0.6,5.975,1.1
Maine,15.0,35.0,525.0,110.0,2.92,1533.0,2017.0,15900.0,55100.0,2370.0,1320.0,1800.0,13.95,7.9,8.8,5.2,7.425,7.15
Maine,15.0,35.0,525.0,110.0,2.92,1533.0,2019.0,30000.0,30500.0,2340.0,580.0,3570.0,10.96666667,0.4,0.1,2.5,0.6333333329999999,0.36666666700000006
Maine,12.0,34.0,408.0,65.0,338.0,1379.0,2016.0,14800.0,37700.0,5070.0,750.0,700.0,26.5,0.433333333,1.225,31.1,2.4,9.8
Maine,12.0,32.0,384.0,92.0,2.98,1144.0,2018.0,28600.0,43400.0,3630.0,740.0,1960.0,17.95,1.95,0.5,1.8,2.625,2.025
Maine,10.0,47.0,470.0,47.0,551.0,2590.0,2015.0,18400.0,47200.0,4090.0,4460.0,860.0,26.1,9.55,6.65,34.5,2.675,2.55
Maryland,,,,,,,2016.0,29000.0,32000.0,2420.0,3260.0,470.0,16.25,3.875,2.333333333,4.425,4.1,0.875
Maryland,,,,,,,2017.0,33500.0,37500.0,5190.0,5290.0,2200.0,7.825,5.85,0.65,0.975,5.2,5.55
Maryland,,,,,,,2019.0,22000.0,23500.0,4190.0,1140.0,1630.0,17.3,4.1,1.0,0.3,5.166666667,2.933333333
Maryland,,,,,,,2015.0,30000.0,38000.0,5880.0,4930.0,1650.0,11.875,6.05,0.9,12.65,8.275,5.05
Maryland,,,,,,,2018.0,29500.0,32500.0,2920.0,3040.0,2160.0,14.575,5.075,1.45,0.9,6.175,2.25
Massachusetts,,,,,,,2017.0,20200.0,26300.0,3490.0,2930.0,1610.0,35.25,4.775,5.525,4.85,3.3,1.8
Massachusetts,,,,,,,2015.0,19000.0,30600.0,2140.0,1520.0,1060.0,34.5,17.425,2.225,17.15,4.275,2.3
Massachusetts,,,,,,,2016.0,24700.0,29000.0,1940.0,1670.0,810.0,17.7,6.775,2.05,3.7,2.375,6.275
Massachusetts,,,,,,,2019.0,22300.0,22300.0,2980.0,920.0,710.0,10.3,1.55,0.5,4.3,2.7,6.3
Massachusetts,,,,,,,2018.0,20300.0,26200.0,4110.0,2110.0,1690.0,33.625,5.625,5.15,5.45,3.95,6.225
Michigan,94.0,50.0,4700.0,1363.0,2.36,11092.0,2017.0,275000.0,335000.0,38600.0,27890.0,25030.0,35.725,8.9,4.7,10.225,4.65,2.35
Michigan,94.0,50.0,4700.0,1363.0,2.36,11092.0,2019.0,202000.0,216000.0,24000.0,3820.0,4800.0,32.63333333,10.63333333,6.466666667,5.266666667,5.133333333,2.0
Michigan,89.0,60.0,5340.0,1709.0,237.0,12656.0,2016.0,274000.0,349000.0,40000.0,26810.0,12940.0,37.0,9.025,0.5,7.2,5.9,3.925
Michigan,90.0,58.0,5220.0,1984.0,243.0,12685.0,2015.0,230500.0,310000.0,37000.0,24510.0,13300.0,29.0,9.125,3.0,7.125,7.425,5.05
Michigan,97.0,44.0,4268.0,768.0,2.49,10627.0,2018.0,217500.0,268000.0,28000.0,35400.0,35700.0,57.875,16.3,7.1,14.475,11.7,10.275
Minnesota,124.0,59.0,7316.0,1390.0,169.0,12364.0,2016.0,309000.0,417000.0,58500.0,29700.0,6110.0,26.9,8.825,4.0,17.45,9.85,9.975
Minnesota,118.0,59.0,6962.0,3063.0,1.63,11348.0,2017.0,295000.0,403000.0,35500.0,25600.0,11650.0,31.55,3.45,2.125,15.875,8.55,3.35
Minnesota,118.0,59.0,6962.0,3063.0,1.63,11348.0,2019.0,240000.0,269000.0,38700.0,8480.0,2630.0,31.16666667,5.4,2.366666667,9.75,3.4666666669999997,2.3
Minnesota,122.0,68.0,8296.0,2157.0,183.0,15182.0,2015.0,336000.0,440000.0,58200.0,21930.0,23870.0,25.925,7.4,5.733333332999999,17.25,5.625,6.875
Minnesota,119.0,61.0,7259.0,1161.0,1.94,14082.0,2018.0,313000.0,383000.0,50900.0,63600.0,33990.0,21.775,6.7,4.7,10.625,5.5,8.45
Mississippi,22.0,80.0,1760.0,141.0,1.85,3256.0,2019.0,70000.0,81000.0,8700.0,4700.0,2600.0,38.23333333,51.53333333,23.76666667,29.23333333,5.466666667,5.266666667
Mississippi,22.0,80.0,1760.0,141.0,1.85,3256.0,2017.0,158000.0,203000.0,12700.0,29030.0,50560.0,36.625,11.7,1.05,0.775,5.75,1.675
Mississippi,19.0,85.0,1615.0,113.0,173.0,2794.0,2016.0,145500.0,217000.0,15900.0,21080.0,63500.0,18.875,3.35,0.966666667,2.566666667,2.15,5.525
Mississippi,15.0,83.0,1245.0,87.0,264.0,3287.0,2015.0,177000.0,233000.0,24500.0,28260.0,17840.0,18.9,4.725,0.233333333,1.1,2.0,1.375
Mississippi,20.0,87.0,1740.0,70.0,2.07,3602.0,2018.0,103000.0,127500.0,11900.0,32340.0,12700.0,25.775,11.05,0.2,0.45,4.5,12.05
Missouri,8.0,62.0,496.0,30.0,231.0,1146.0,2016.0,46000.0,46500.0,3210.0,4610.0,1830.0,16.7,7.225,0.575,2.133333333,2.675,2.475
Missouri,10.0,52.0,520.0,52.0,350.0,1820.0,2015.0,51000.0,53000.0,4390.0,2850.0,3380.0,8.025,7.475,2.9,1.975,3.925,4.15
Missouri,10.0,43.0,430.0,73.0,3.32,1428.0,2019.0,28000.0,29000.0,3100.0,600.0,420.0,14.33333333,5.1,0.833333333,0.46666666700000003,3.0,1.4
Missouri,9.0,45.0,405.0,36.0,2.83,1146.0,2018.0,35000.0,35000.0,3210.0,3630.0,1410.0,38.25,29.475,0.85,2.125,11.05,7.925
Missouri,10.0,43.0,430.0,73.0,3.32,1428.0,2017.0,32000.0,33500.0,2860.0,2520.0,1550.0,31.1,18.525,1.825,9.425,4.075,10.925
Montana,159.0,77.0,12243.0,3183.0,177.0,21670.0,2016.0,348500.0,487000.0,35340.0,43300.0,20000.0,32.975,18.43333333,14.8,6.25,11.6,11.56666667
Montana,146.0,83.0,12118.0,3757.0,194.0,23509.0,2015.0,300500.0,525000.0,26900.0,19600.0,44180.0,26.425,9.4,6.625,4.95,3.375,9.033333333
Montana,173.0,86.0,14878.0,5802.0,1.48,22019.0,2017.0,333500.0,462000.0,35770.0,26700.0,51900.0,38.7,7.05,4.733333333,3.425,8.6,1.7
Montana,160.0,92.0,14720.0,3680.0,1.9,27968.0,2018.0,328000.0,486000.0,28940.0,33040.0,42500.0,38.675,11.93333333,8.8,12.925,6.45,1.2
Montana,173.0,86.0,14878.0,5802.0,1.48,22019.0,2019.0,255000.0,301000.0,29000.0,6070.0,18400.0,19.6,5.9,10.6,2.566666667,2.566666667,0.8
Nebraska,39.0,52.0,2028.0,223.0,1.46,2961.0,2019.0,90500.0,95500.0,8900.0,1000.0,1410.0,22.43333333,1.6666666669999999,16.9,2.366666667,4.066666667,2.8
Nebraska,57.0,48.0,2736.0,1450.0,202.0,5527.0,2015.0,178000.0,249000.0,19700.0,16130.0,16410.0,15.275,5.766666667000001,3.733333333,3.85,1.85,2.625
Nebraska,48.0,46.0,2208.0,640.0,191.0,4217.0,2016.0,112000.0,148000.0,19130.0,8620.0,55030.0,9.7,0.875,0.35,3.85,0.975,1.425
Nebraska,40.0,59.0,2360.0,850.0,2.01,4744.0,2018.0,114000.0,153000.0,14630.0,18600.0,6540.0,8.875,1.475,2.333333333,3.2,4.1,2.475
Nebraska,39.0,52.0,2028.0,223.0,1.46,2961.0,2017.0,104000.0,165000.0,12590.0,7080.0,52550.0,32.6,19.35,1.4,25.26666667,6.15,3.35
New Jersey,15.0,28.0,420.0,155.0,3.33,1399.0,2017.0,43500.0,59000.0,2540.0,2220.0,1040.0,17.5,3.95,2.333333333,1.8,1.2,1.066666667
New Jersey,12.0,27.0,324.0,198.0,709.0,2297.0,2016.0,42700.0,56500.0,3110.0,2500.0,230.0,17.175,5.1,0.5,3.666666667,1.65,5.3
New Jersey,12.0,27.0,324.0,207.0,420.0,1361.0,2015.0,41000.0,55000.0,3380.0,2880.0,5010.0,26.875,5.0,10.26666667,12.53333333,5.5,5.25
New Jersey,13.0,31.0,403.0,165.0,7.47,3010.0,2018.0,40400.0,51000.0,2620.0,1660.0,660.0,14.425,3.375,0.15,0.2,3.4,0.4
New Jersey,15.0,28.0,420.0,155.0,3.33,1399.0,2019.0,37500.0,37500.0,1210.0,840.0,3240.0,14.63333333,2.5333333330000003,0.3,0.2,1.766666667,0.4
New Mexico,,,,,,,2019.0,13200.0,16300.0,410.0,1030.0,560.0,16.06666667,10.16666667,0.6333333329999999,,1.6,0.3
New Mexico,,,,,,,2018.0,23400.0,26800.0,8150.0,4320.0,1450.0,41.46666667,0.46666666700000003,2.0,4.566666667,4.5,0.725
New Mexico,,,,,,,2016.0,26000.0,26500.0,5800.0,5810.0,1190.0,58.45,14.1,26.5,13.3,3.05,0.433333333
New Mexico,,,,,,,2017.0,29000.0,29500.0,8200.0,9400.0,4100.0,85.675,1.4,59.36666667,11.95,12.675,0.6333333329999999
New Mexico,,,,,,,2015.0,26000.0,28000.0,3580.0,3280.0,1610.0,37.0,18.46666667,23.56666667,18.125,14.45,1.375
New York,58.0,62.0,3596.0,899.0,294.0,10572.0,2015.0,140000.0,156000.0,18100.0,16090.0,9460.0,22.8,7.9,2.875,6.7,6.225,4.275
New York,59.0,58.0,3422.0,1027.0,4.49,15365.0,2017.0,167000.0,184000.0,17700.0,20440.0,16960.0,27.375,11.025,6.55,5.325,9.075,3.85
New York,59.0,58.0,3422.0,1027.0,4.49,15365.0,2019.0,154000.0,158000.0,21900.0,3940.0,4290.0,24.86666667,12.93333333,1.966666667,6.2,4.466666667,5.6
New York,64.0,57.0,3648.0,1167.0,319.0,11637.0,2016.0,166000.0,182000.0,27000.0,15780.0,3830.0,28.275,5.05,2.875,9.25,10.125,2.775
New York,56.0,48.0,2688.0,833.0,3.24,8709.0,2018.0,154000.0,171000.0,15300.0,13000.0,7670.0,33.2,14.325,10.8,8.675,14.0,5.125
North Carolina,14.0,42.0,588.0,118.0,4.06,2387.0,2019.0,50000.0,54500.0,7600.0,2790.0,6660.0,29.26666667,11.43333333,8.133333333,2.366666667,9.2,6.933333332999999
North Carolina,10.0,33.0,330.0,63.0,5.76,1901.0,2018.0,68500.0,70000.0,10300.0,8850.0,3360.0,39.6,10.275,4.0,3.275,12.625,4.275
North Carolina,14.0,42.0,588.0,118.0,4.06,2387.0,2017.0,89000.0,98000.0,12400.0,11760.0,7090.0,49.2,18.825,2.425,6.025,7.9,3.475
North Carolina,12.0,45.0,540.0,103.0,452.0,2441.0,2015.0,89500.0,95000.0,13900.0,14510.0,5160.0,32.5,11.975,0.4,8.575,5.775,6.775
North Carolina,12.0,37.0,444.0,89.0,478.0,2122.0,2016.0,91500.0,98000.0,11000.0,11700.0,2640.0,28.275,11.775,2.125,13.13333333,9.55,12.1
North Dakota,550.0,72.0,39600.0,4752.0,1.87,74052.0,2018.0,1021000.0,1454000.0,102200.0,63100.0,62010.0,27.05,7.125,5.925,8.566666667,5.0,3.366666667
North Dakota,520.0,65.0,33800.0,6422.0,1.4,47320.0,2017.0,1042000.0,1408000.0,85140.0,54600.0,139910.0,28.1,10.66666667,2.133333333,4.666666667,3.05,0.675
North Dakota,490.0,74.0,36260.0,9428.0,180.0,65268.0,2015.0,868000.0,1345000.0,157620.0,54500.0,92530.0,15.45,5.625,3.333333333,6.033333333,3.725,1.55
North Dakota,485.0,78.0,37830.0,6809.0,185.0,69986.0,2016.0,1087000.0,1643000.0,159000.0,61500.0,201500.0,20.1,7.8,3.3,4.8,4.05,4.3
North Dakota,520.0,65.0,33800.0,6422.0,1.4,47320.0,2019.0,1042000.0,1052000.0,109100.0,18000.0,23100.0,32.76666667,8.65,8.25,6.4,8.7,4.1
Ohio,14.0,73.0,1022.0,491.0,3.72,3802.0,2018.0,54500.0,58500.0,8500.0,10770.0,4930.0,41.65,21.875,2.725,3.825,12.95,6.075
Ohio,17.0,50.0,850.0,357.0,408.0,3468.0,2015.0,77500.0,83000.0,16900.0,17500.0,10320.0,23.375,5.625,1.65,11.4,11.275,8.975
Ohio,15.0,67.0,1005.0,442.0,3.42,3437.0,2017.0,70500.0,73500.0,10100.0,10910.0,5790.0,42.05,15.1,4.65,5.925,10.525,7.35
Ohio,15.0,79.0,1185.0,664.0,393.0,4657.0,2016.0,70500.0,73000.0,9600.0,7760.0,1970.0,38.7,8.8,0.975,6.675,6.975,5.2
Ohio,15.0,67.0,1005.0,442.0,3.42,3437.0,2019.0,49000.0,51000.0,7800.0,5300.0,3830.0,41.03333333,12.83333333,5.233333333,1.166666667,5.3,4.866666667
Oklahoma,,,,,,,2018.0,36800.0,92600.0,8170.0,9970.0,6770.0,39.25,17.725,4.3,16.76666667,10.9,6.45
Oklahoma,,,,,,,2019.0,35000.0,99500.0,3480.0,610.0,1100.0,12.56666667,0.7,0.1,0.25,2.25,2.25
Oklahoma,,,,,,,2017.0,59100.0,101400.0,1360.0,16120.0,3470.0,14.475,6.525,10.55,1.4,4.266666667,0.675
Oklahoma,,,,,,,2016.0,24800.0,66700.0,6470.0,4210.0,10570.0,17.275,2.75,0.25,0.575,0.75,10.975
Oklahoma,,,,,,,2015.0,59000.0,85000.0,9080.0,8550.0,2710.0,21.25,5.8,0.233333333,0.1,2.75,1.925
Oregon,87.0,32.0,2784.0,1141.0,2.07,5763.0,2019.0,287000.0,343000.0,30500.0,14650.0,24800.0,29.73333333,5.0,8.233333333,5.7,11.96666667,5.6333333329999995
Oregon,74.0,35.0,2590.0,622.0,191.0,4947.0,2016.0,352000.0,460000.0,24100.0,27200.0,23100.0,37.875,12.7,10.175,5.0,6.7,2.275
Oregon,87.0,32.0,2784.0,1141.0,2.07,5763.0,2017.0,343000.0,393000.0,36500.0,33070.0,71900.0,41.6,12.85,14.9,10.025,10.125,5.425
Oregon,71.0,38.0,2698.0,809.0,252.0,6799.0,2015.0,327000.0,396000.0,29000.0,27000.0,34300.0,32.975,11.25,5.075,5.3,3.475,1.7
Oregon,93.0,35.0,3255.0,1009.0,2.36,7682.0,2018.0,327000.0,413000.0,33500.0,53500.0,88900.0,45.8,2.9,8.075,18.3,7.7,0.55
Other States,36.0,39.0,1399.0,314.0,6.02,8422.0,2018.0,,,,,,,,,,,
Other States ,30.0,39.0,1168.0,371.0,503.0,5875.0,2015.0,,,,,,,,,,,
Other States ,30.0,47.0,1418.0,351.0,5.91,8380.0,2019.0,,,,,,,,,,,
Other States ,30.0,47.0,1418.0,351.0,5.91,8380.0,2017.0,,,,,,,,,,,
Other States 4/,,,,,,,2019.0,,,,,,10.6,2.866666667,1.6,4.0,11.96666667,0.8666666670000001
Other States 4/,,,,,,,,,,,,,18.2,1.9,3.05,3.833333333,2.0,1.7
Other States 4/,,,,,,,2018.0,,,,,,19.35,1.0,0.675,4.15,3.075,1.9
Other States 4/,,,,,,,2016.0,,,,,,11.25,3.35,3.433333333,4.166666667,3.45,4.175
Other States 4/,,,,,,,2015.0,,,,,,13.525,3.133333333,,0.25,0.566666667,4.1
Other States 5/,,,,,,,2017.0,25890.0,30500.0,3120.0,1530.0,1780.0,,,,,,
Other States 5/,,,,,,,2018.0,22840.0,32840.0,4170.0,2540.0,1910.0,,,,,,
Other States 5/,,,,,,,2016.0,33500.0,41770.0,4470.0,5040.0,710.0,,,,,,
Other States 5/,,,,,,,2015.0,35550.0,45030.0,6550.0,6160.0,2860.0,,,,,,
Other States 5/,,,,,,,2019.0,30740.0,31480.0,4010.0,670.0,930.0,,,,,,
Other StatesS,35.0,44.0,1525.0,416.0,424.0,6466.0,2016.0,,,,,,,,,,,
Pennsylvania,19.0,50.0,950.0,266.0,303.0,2879.0,2016.0,63500.0,69500.0,8600.0,7520.0,2400.0,27.375,4.625,1.325,3.625,4.45,2.45
Pennsylvania,17.0,53.0,901.0,225.0,363.0,3271.0,2015.0,76500.0,88000.0,12400.0,11960.0,11500.0,29.2,6.925,2.3,2.225,8.125,2.55
Pennsylvania,19.0,50.0,950.0,409.0,4.24,4028.0,2017.0,74500.0,77000.0,11710.0,16310.0,5310.0,30.25,3.625,1.325,3.725,2.775,3.025
Pennsylvania,19.0,50.0,950.0,409.0,4.24,4028.0,2019.0,55000.0,56000.0,7680.0,3770.0,3320.0,23.96666667,6.0,2.166666667,4.066666667,3.766666667,6.0
Pennsylvania,19.0,44.0,836.0,309.0,3.89,3252.0,2018.0,71000.0,76000.0,7460.0,10770.0,6070.0,29.025,10.15,3.525,6.5,4.25,4.95
South Carolina,16.0,47.0,752.0,45.0,5.01,3768.0,2019.0,39000.0,41000.0,4790.0,5400.0,2170.0,40.03333333,14.83333333,1.15,7.1333333329999995,15.03333333,3.666666667
South Carolina,14.0,67.0,938.0,38.0,409.0,3836.0,2015.0,56500.0,65500.0,7850.0,5320.0,4980.0,28.25,10.4,4.85,4.525,4.25,2.2
South Carolina,16.0,45.0,720.0,36.0,457.0,3290.0,2016.0,54000.0,60500.0,6920.0,6050.0,2630.0,27.85,21.2,6.25,16.25,11.975,2.475
South Carolina,16.0,47.0,752.0,45.0,5.01,3768.0,2017.0,64000.0,67000.0,6170.0,8540.0,5860.0,23.625,14.45,7.475,5.55,3.475,1.2
South Carolina,16.0,48.0,768.0,15.0,3.17,2435.0,2018.0,47000.0,52500.0,6000.0,5740.0,8690.0,38.15,22.1,0.6,9.5,8.05,3.075
South Dakota,280.0,71.0,19880.0,12127.0,176.0,34989.0,2016.0,405000.0,610000.0,47770.0,19230.0,24900.0,32.575,10.46666667,5.4,11.26666667,5.375,0.875
South Dakota,270.0,72.0,19440.0,7582.0,1.53,29743.0,2017.0,318000.0,470000.0,31700.0,17500.0,27940.0,22.125,4.966666667,3.4666666669999997,8.066666667,10.225,2.275
South Dakota,290.0,66.0,19140.0,9379.0,179.0,34261.0,2015.0,639000.0,887000.0,87600.0,40000.0,38800.0,12.45,5.575,1.5,4.175,1.725,3.275
South Dakota,270.0,72.0,19440.0,7582.0,1.53,29743.0,2019.0,462500.0,462500.0,59600.0,1300.0,8040.0,7.8,4.8,1.75,7.3666666670000005,5.333333333,1.733333333
South Dakota,255.0,47.0,11985.0,5154.0,1.91,22891.0,2018.0,341500.0,527000.0,55390.0,31250.0,72020.0,31.3,19.125,6.0,4.7,21.75,1.4
Tennessee,7.0,46.0,322.0,84.0,4.11,1323.0,2018.0,35000.0,35500.0,7000.0,4370.0,3140.0,44.9,29.325,1.975,7.75,8.525,7.35
Tennessee,8.0,57.0,456.0,91.0,4.65,2120.0,2019.0,31000.0,32000.0,7300.0,2460.0,2590.0,60.26666667,33.46666667,2.65,14.53333333,8.933333333,5.9
Tennessee,6.0,55.0,330.0,69.0,488.0,1610.0,2016.0,36000.0,36000.0,4070.0,4460.0,650.0,25.75,18.625,0.533333333,1.9,6.9,4.65
Tennessee,7.0,59.0,413.0,78.0,407.0,1681.0,2015.0,35500.0,37000.0,5030.0,5170.0,1880.0,41.1,27.525,1.15,6.4,6.225,3.0
Tennessee,8.0,57.0,456.0,91.0,4.65,2120.0,2017.0,35500.0,38000.0,5700.0,5130.0,2740.0,35.4,19.625,1.05,3.375,7.825,8.275
Texas,126.0,66.0,8316.0,1164.0,209.0,17380.0,2015.0,697000.0,951000.0,100500.0,176500.0,151800.0,23.1,17.45,2.875,10.625,4.15,5.6
Texas,126.0,60.0,7560.0,1814.0,2.3,17388.0,2019.0,515000.0,703000.0,45500.0,75500.0,43700.0,23.7,12.93333333,4.766666667,8.233333333,6.6333333329999995,2.166666667
Texas,126.0,60.0,7560.0,1814.0,2.3,17388.0,2017.0,846000.0,1075000.0,88000.0,215200.0,225400.0,33.15,20.875,2.675,11.125,7.125,2.85
Texas,133.0,70.0,9310.0,2607.0,208.0,19365.0,2016.0,845000.0,1093000.0,116000.0,161700.0,97460.0,31.45,11.925,3.675,11.7,4.4,2.925
Texas,132.0,56.0,7392.0,1035.0,2.12,15671.0,2018.0,738000.0,984000.0,77500.0,236500.0,120570.0,21.225,12.6,4.65,3.45,4.75,7.3
United States,2828.0,54.5,154008.0,29303.0,2.21,340358.0,2018.0,11151640.0,0.0,1517070.0,1721790.0,1579200.0,49.625,16.8,8.125,13.2,11.35,6.875
United States,2660.0,58.9,156544.0,42203.0,209.0,327177.0,2015.0,11681750.0,0.0,1722360.0,1498980.0,1425240.0,36.7,14.275,5.3,12.175,8.65,4.875
United States,,,,,,,2017.0,11345890.0,0.0,1407200.0,1728590.0,1709290.0,46.15,15.3,6.4,11.925,9.125,6.075
United States,2812.0,55.8,156922.0,41022.0,1.97,309136.0,2019.0,8865540.0,0.0,1241910.0,733520.0,625830.0,45.13333333,14.4,7.0,12.7,9.833333332999999,5.0
United States,2775.0,58.3,161882.0,41253.0,211.9,343028.0,2016.0,11609300.0,0.0,1658260.0,1457060.0,1061730.0,45.175,15.35,7.675,11.95,9.65,5.1
United States ,2812.0,55.8,156922.0,41022.0,1.97,309136.0,2017.0,,,,,,,,,,,
Utah,27.0,42.0,1134.0,147.0,193.0,2189.0,2015.0,89000.0,115000.0,16600.0,14020.0,6490.0,39.175,11.45,12.4,12.625,4.15,0.55
Utah,22.0,29.0,638.0,89.0,2.06,1314.0,2017.0,99000.0,117500.0,13500.0,23380.0,13830.0,33.925,3.366666667,2.95,8.666666667000001,9.55,9.733333333
Utah,26.0,41.0,1066.0,75.0,2.1,2239.0,2018.0,79000.0,100000.0,10120.0,11640.0,5950.0,36.05,9.666666667000001,1.925,3.3,2.25,2.0
Utah,31.0,32.0,992.0,169.0,193.0,1915.0,2016.0,83500.0,100500.0,11300.0,14350.0,7270.0,26.925,6.85,0.675,7.6,2.05,0.825
Utah,22.0,29.0,638.0,89.0,2.06,1314.0,2019.0,62500.0,72000.0,9000.0,5370.0,1790.0,24.8,3.45,2.5333333330000003,5.25,0.36666666700000006,4.566666667
Vermont,7.0,48.0,336.0,94.0,3.76,1263.0,2018.0,24500.0,25500.0,1350.0,3830.0,240.0,18.575,2.225,1.766666667,13.8,1.225,0.533333333
Vermont,6.0,48.0,288.0,84.0,4.34,1250.0,2017.0,26500.0,28500.0,1260.0,920.0,470.0,30.675,13.625,7.3,27.7,3.45,1.275
Vermont,6.0,52.0,312.0,69.0,364.0,1136.0,2016.0,23500.0,25000.0,1090.0,670.0,90.0,13.5,16.46666667,10.825,41.0,0.9,0.8666666670000001
Vermont,6.0,48.0,288.0,84.0,4.34,1250.0,2019.0,20500.0,20500.0,570.0,230.0,760.0,16.46666667,1.9,1.233333333,0.8,0.433333333,0.7333333329999999
Vermont,5.0,52.0,260.0,62.0,423.0,1100.0,2015.0,24000.0,24500.0,1780.0,1820.0,100.0,21.45,6.2,0.5,0.6,1.975,6.8666666670000005
Virginia,6.0,38.0,228.0,50.0,567.0,1293.0,2015.0,31000.0,32000.0,4200.0,3420.0,1460.0,25.125,13.45,1.45,1.95,5.525,8.925
Virginia,4.0,40.0,160.0,35.0,7.24,1158.0,2018.0,26500.0,27000.0,4300.0,4020.0,3150.0,36.275,24.3,4.55,6.475,12.1,5.575
Virginia,5.0,39.0,195.0,49.0,7.51,1464.0,2019.0,22500.0,22500.0,2870.0,440.0,1120.0,30.73333333,16.56666667,0.7,0.8,3.9666666669999997,6.1333333329999995
Virginia,5.0,39.0,195.0,49.0,7.51,1464.0,2017.0,37500.0,38000.0,4700.0,5730.0,2020.0,28.1,19.75,1.65,4.125,5.15,4.675
Virginia,5.0,38.0,190.0,30.0,585.0,1112.0,2016.0,27500.0,28000.0,2870.0,3390.0,980.0,31.575,13.875,3.3,2.9,4.85,3.85
Washington,84.0,35.0,2940.0,412.0,199.0,5851.0,2016.0,291000.0,449000.0,33000.0,35800.0,15630.0,37.7,6.975,2.3,8.25,5.45,1.525
Washington,81.0,35.0,2835.0,1191.0,2.12,6010.0,2019.0,225000.0,265000.0,40500.0,18310.0,12300.0,36.63333333,1.333333333,1.233333333,8.166666667000001,4.366666667,1.233333333
Washington,81.0,35.0,2835.0,1191.0,2.12,6010.0,2017.0,305000.0,400000.0,36500.0,52900.0,45500.0,17.925,3.375,2.8,2.733333333,3.075,1.85
Washington,77.0,43.0,3311.0,563.0,2.15,7119.0,2018.0,250000.0,376000.0,34100.0,38500.0,24760.0,26.5,2.85,5.225,4.275,5.175,1.275
Washington,73.0,44.0,3212.0,1221.0,164.0,5268.0,2015.0,328000.0,418000.0,37000.0,30630.0,42170.0,30.675,1.125,1.225,1.825,4.0,0.85
West Virginia,6.0,37.0,222.0,38.0,4.33,961.0,2018.0,26200.0,30500.0,4210.0,2650.0,1880.0,28.825,20.825,0.95,3.45,11.35,5.425
West Virginia,5.0,32.0,160.0,43.0,392.0,627.0,2016.0,28500.0,29500.0,3880.0,2810.0,450.0,26.825,3.275,2.5,0.6,8.5,2.6
West Virginia,6.0,37.0,222.0,47.0,4.5,999.0,2019.0,22500.0,25000.0,3900.0,250.0,2760.0,36.6,8.2,0.966666667,1.1,6.0,1.266666667
West Virginia,6.0,37.0,222.0,47.0,4.5,999.0,2017.0,30500.0,33000.0,3270.0,4360.0,6100.0,27.65,3.5,1.425,0.36666666700000006,8.2,2.575
West Virginia,5.0,35.0,175.0,32.0,444.0,777.0,2015.0,23400.0,24700.0,3280.0,3960.0,1060.0,18.525,6.35,1.275,2.325,7.6,3.05
Wisconsin,46.0,47.0,2162.0,692.0,2.99,6464.0,2019.0,125500.0,126000.0,18700.0,4780.0,13100.0,34.1,15.26666667,9.8,11.1,14.1,5.4
Wisconsin,52.0,67.0,3484.0,1603.0,241.0,8396.0,2015.0,149500.0,204000.0,28100.0,14610.0,12310.0,37.7,10.725,3.625,14.875,10.675,10.75
Wisconsin,46.0,47.0,2162.0,692.0,2.99,6464.0,2017.0,160000.0,217000.0,28300.0,19980.0,18570.0,36.85,15.35,13.6,12.175,8.7,9.525
Wisconsin,51.0,45.0,2295.0,711.0,2.95,6770.0,2018.0,154000.0,196000.0,29100.0,19300.0,12490.0,32.8,20.225,5.775,18.025,11.6,3.525
Wisconsin,54.0,62.0,3348.0,1205.0,267.0,8939.0,2016.0,170500.0,235000.0,27900.0,18920.0,4260.0,37.1,7.775,8.675,13.1,10.35,19.55
Wyoming,39.0,56.0,2184.0,306.0,1.35,2948.0,2019.0,57500.0,64500.0,6550.0,2600.0,3990.0,24.66666667,6.35,2.2,2.2,3.7,6.0
Wyoming,39.0,56.0,2184.0,175.0,1.91,4171.0,2018.0,77000.0,96000.0,9020.0,5190.0,6200.0,22.8,2.8,1.825,6.033333333,2.325,2.65
Wyoming,39.0,56.0,2184.0,306.0,1.35,2948.0,2017.0,84500.0,112000.0,13700.0,11700.0,7920.0,24.45,2.433333333,7.375,4.3,5.425,2.633333333
Wyoming,38.0,77.0,2926.0,146.0,190.0,5559.0,2015.0,70500.0,97000.0,9000.0,9800.0,6840.0,23.375,10.73333333,4.6,5.833333333,5.575,2.233333333
Wyoming,40.0,68.0,2720.0,190.0,178.0,4842.0,2016.0,66200.0,99000.0,12140.0,9350.0,1580.0,25.96666667,1.925,1.25,2.725,1.95,0.8
